Workbook

Sheet 테스트 케이스
A1: POTATO SURVIVORS — QA 테스트 케이스 (2회차: 회귀 + 탐색)
A2: 2회차 = 1회차 TC 55개(회귀) + 탐색 TC 10개 + 보스 라운드 TC 9개. Fail은 Jira(SCRUM-n)에 등록하고, 원인과 수정 커밋은 비고에, 수정 후 결과는 재검증 칸에 기록했습니다.
A3: TC ID | B3: 대분류 | C3: 테스트 항목 | D3: 사전조건 | E3: 테스트 절차 | F3: 기대 결과 | G3: 실제 결과 | H3: 결과 | I3: 비고 | J3: 1회차 이력 | K3: Jira 이슈 | L3: 재검증
A4: TC-001 | B4: 로비 | C4: 게임 최초 실행 | D4: 게임을 처음 실행 | E4: 에디터/빌드로 게임 실행 | F4: MainMenu 씬이 먼저 표시(타이틀 로고·무기 6종·시작/종료 버튼) | H4: Pass
A5: TC-002 | B5: 로비 | C5: 무기 선택 | D5: 로비 화면 | E5: 무기 카드 클릭 | F5: 선택 카드가 노란색 하이라이트 + 하단에 선택 무기 정보 표시 | H5: Pass
A6: TC-003 | B6: 로비 | C6: 게임 시작 | D6: 무기 1개 선택 | E6: '게임 시작' 클릭 | F6: 게임 씬 진입 + 선택 무기를 장착한 상태로 시작 | H6: Pass
A7: TC-004 | B7: 로비 | C7: 무기 미선택 시작 | D7: 로비 진입 직후(카드 클릭 안 함) | E7: '게임 시작' 클릭 | F7: 첫 무기가 기본 선택된 상태로 시작(빈손 시작 없음) | H7: Pass | J7: 보류 → 사양 확정(첫 무기 기본 선택)
A8: TC-005 | B8: 로비 | C8: 종료 | D8: 로비 화면 | E8: '종료' 클릭 | F8: 게임 종료(에디터는 플레이 모드 중지) | H8: Pass
A9: TC-006 | B9: 이동 | C9: 기본 이동 | D9: 게임 진행 중 | E9: WASD/방향키 입력 | F9: 플레이어가 해당 방향으로 이동 | H9: Pass
A10: TC-007 | B10: 이동 | C10: 화면 경계 | D10: 플레이어를 화면 끝으로 | E10: 화면 밖으로 계속 이동 시도 | F10: 카메라 화면 경계를 벗어나지 않음 | H10: Pass | J10: Fail → edgePadding 수정, 재검증 Pass
A11: TC-008 | B11: 전투 | C11: 근접 자동공격 | D11: 근접 무기 장착·적 존재 | E11: 적이 감지 범위에 진입 | F11: 무기가 자동 스핀 공격하여 적에게 피해 | H11: Pass
A12: TC-009 | B12: 전투 | C12: 원거리 발사 | D12: 원거리 무기 장착·적 존재 | E12: 적 감지 | F12: 투사체가 적 방향으로 발사되어 피해 | H12: Pass
A13: TC-010 | B13: 전투 | C13: 샷건 산탄 | D13: 샷건 장착 | E13: 공격 발동 | F13: 투사체 5발이 부채꼴로 발사 | H13: Pass
A14: TC-011 | B14: 전투 | C14: 쿨다운 | D14: 공격 직후 | E14: 쿨다운 시간 대기 | F14: 쿨다운 경과 후 다음 공격 발동 | H14: Pass
A15: TC-012 | B15: 전투 | C15: 적 없음 | D15: 주변에 적 없음 | E15: 대기 | F15: 무기가 공격하지 않음(투사체 낭비 없음) | H15: Pass
A16: TC-013 | B16: 전투 | C16: 관통 | D16: 관통 무기(석궁 등) | E16: 투사체가 적 명중 | F16: 지정 관통 수만큼 적을 통과하며 타격 | H16: Pass
A17: TC-014 | B17: 몬스터 | C17: 스폰 위치 | D17: 웨이브 시작 | E17: 웨이브 개시 | F17: 몬스터가 화면 안 영역에 스폰 | H17: Pass
A18: TC-015 | B18: 몬스터 | C18: 추격 | D18: 몬스터 스폰됨 | E18: 시간 경과 | F18: 몬스터가 플레이어를 추격 | H18: Pass
A19: TC-016 | B19: 몬스터 | C19: 근접 공격 | D19: 몬스터가 플레이어에 접촉 | E19: 접촉 유지 | F19: 플레이어 HP 감소 | H19: Pass
A20: TC-017 | B20: 몬스터 | C20: 원거리 몬스터 | D20: 원거리 몬스터 존재 | E20: 사거리 내 플레이어 | F20: 몬스터가 플레이어에게 투사체 발사(플레이어만 피격, 몬스터끼리 X) | H20: Pass
A21: TC-018 | B21: 보스 | C21: 등장 주기 | D21: 스테이지 진행 | E21: 5스테이지 도달 | F21: 보스가 등장(2라운드에는 안 나옴) | H21: Pass | J21: Fail → SpawnConfig 자동 주입, 재검증 Pass
A22: TC-019 | B22: 몬스터 | C22: 처치 보상 | D22: 몬스터에 피해 누적 | E22: 몬스터 처치 | F22: 코인이 드랍됨 | H22: Pass
A23: TC-020 | B23: 웨이브 | C23: 시간 종료 | D23: 웨이브 진행 중 | E23: 20초 경과 | F23: 웨이브 종료 후 상점 오픈 | H23: Pass
A24: TC-021 | B24: 웨이브 | C24: 전멸 무관 | D24: 웨이브 진행 중 | E24: 시간 남은 채 모든 몬스터 처치 | F24: 웨이브가 끝나지 않고 계속 진행(시간 기반) | H24: Pass
A25: TC-022 | B25: 스테이지 | C25: 번호 증가 | D25: 상점 화면 | E25: '다음 라운드' 클릭 | F25: 스테이지 번호 +1 후 웨이브 재개 | H25: Pass
A26: TC-023 | B26: HP | C26: 체력바 감소 | D26: 플레이어 피격 | E26: 피해 받음 | F26: 머리 위 체력바가 감소 | H26: Pass
A27: TC-024 | B27: 사망 | C27: 게임오버 | D27: 플레이어 HP 0 | E27: HP가 0이 됨 | F27: 게임오버 패널 표시 + 게임 일시정지 | H27: Pass
A28: TC-025 | B28: 게임오버 | C28: 재시작 | D28: 게임오버 패널 | E28: '다시 시작' 클릭 | F28: 현재 씬 리로드(초기화) + 시작 무기 재지급 | H28: Pass
A29: TC-026 | B29: 게임오버 | C29: 로비 복귀 | D29: 게임오버 패널 | E29: '로비로' 클릭 | F29: MainMenu 복귀 + 시작 무기 선택 초기화 | H29: Pass
A30: TC-027 | B30: 코인 | C30: 드랍 | D30: 몬스터 처치 | E30: 처치 발생 | F30: 코인이 바닥에 드랍 | H30: Pass
A31: TC-028 | B31: 코인 | C31: 자석 획득 | D31: 코인 드랍됨 | E31: 플레이어가 코인에 접근 | F31: 코인이 흡수되어 골드 증가 | H31: Pass | J31: Fail → 자석 범위 상향, 재검증 Pass
A32: TC-029 | B32: 코인 | C32: HUD 갱신 | D32: 코인 획득 | E32: 골드 증가 | F32: HUD 골드 수치가 즉시 갱신 | H32: Pass
A33: TC-030 | B33: 상점 | C33: 자동 오픈 | D33: 웨이브 종료 | E33: 종료 시점 | F33: 상점 자동으로 열리고 게임 일시정지 | G33: 상점에서 F1 배속 버튼을 누르면 일시정지가 풀려 투사체가 계속 이동함 | H33: Fail | I33: 원인: 디버그 배속이 timeScale=0을 덮어씀 / 수정 a93085f | K33: SCRUM-5 | L33: Pass
A34: TC-031 | B34: 상점 | C34: 신규 표시 | D34: 안 가진 무기가 카드에 뜸 | E34: 카드 확인 | F34: '무기명 Lv1 (신규)'로 표시 | H34: Pass
A35: TC-032 | B35: 상점 | C35: 강화 표시 | D35: 보유 무기가 카드에 뜸 | E35: 카드 확인 | F35: '무기명 Lv(현재+1) (강화)'로 표시 | H35: Pass
A36: TC-033 | B36: 상점 | C36: 만렙 제외 | D36: 특정 무기 Lv5 보유 | E36: 상점 여러 번 확인 | F36: 해당 무기가 카드에 뜨지 않음 | H36: Pass
A37: TC-034 | B37: 상점 | C37: 무기 구매 | D37: 골드 충분·무기 카드 | E37: 카드 구매 | F37: 무기 장착 또는 레벨업 + 골드 차감 | H37: Pass
A38: TC-035 | B38: 상점 | C38: 골드 부족 | D38: 골드 < 가격 | E38: 카드 확인 | F38: 구매 버튼 비활성(구매 불가) | H38: Pass
A39: TC-036 | B39: 상점 | C39: 슬롯 만석 | D39: 6슬롯 가득 + 신규 무기 | E39: 구매 시도 | F39: 구매 실패 + 골드 환불 | H39: Pass
A40: TC-037 | B40: 상점 | C40: 만렙 환불 | D40: 만렙 무기 카드가 남은 경우 | E40: 구매 시도 | F40: 구매 실패 + 골드 환불 | H40: Pass | J40: Block(만렙 상태를 수동으로 재현할 수 없어 테스트 불가) → 디버그 콘솔로 재현 수단을 만든 뒤 실행, Pass
A41: TC-038 | B41: 상점 | C41: 아이템 등급색 | D41: 아이템 카드 표시 | E41: 카드 확인 | F41: 등급 테두리색(노말 회색/에픽 보라/유니크 금색) | H41: Pass
A42: TC-039 | B42: 상점 | C42: 아이템 구매 | D42: 아이템 카드·골드 충분 | E42: 구매 | F42: 스탯 패널 값 증가 + 골드 차감 | H42: Pass
A43: TC-040 | B43: 상점 | C43: HP 아이템 | D43: HP 아이템 구매 | E43: 구매 | F43: 최대 HP 증가 + 증가분만큼 현재 HP 회복 | H43: Pass
A44: TC-041 | B44: 상점 | C44: 행운 영향 | D44: 행운 아이템 보유 | E44: 이후 상점 재방문 | F44: 상위 등급 아이템 출현 확률 증가(경향) | H44: Pass
A45: TC-042 | B45: 상점 | C45: 리롤 | D45: 골드 충분 | E45: '돌리기' 클릭 | F45: 골드 차감 + 카드 새로 갱신 | H45: Pass
A46: TC-043 | B46: 상점 | C46: 리롤 부족 | D46: 골드 < 리롤 비용 | E46: 확인 | F46: 돌리기 버튼 비활성 | H46: Pass
A47: TC-044 | B47: 상점 | C47: 다음 라운드 | D47: 상점 화면 | E47: '다음 라운드' 클릭 | F47: 상점 닫힘 + 일시정지 해제 + 웨이브 재개 | H47: Pass
A48: TC-045 | B48: 상점 | C48: 카드 UI | D48: 상점 오픈 | E48: 카드 확인 | F48: 아이콘·이름·레벨(또는 효과)·가격이 리모델 레이아웃으로 표시 | H48: Pass
A49: TC-046 | B49: 세트 | C49: 근접 세트 | D49: 근접 무기 2개 장착 | E49: 데미지 확인 | F49: 근접 무기 데미지 +10%(4개 +20%, 6개 +30%) | H49: Pass
A50: TC-047 | B50: 세트 | C50: 원거리 세트 | D50: 원거리 무기 2개 장착 | E50: 데미지 확인 | F50: 원거리 무기만 세트 보너스 적용 | H50: Pass
A51: TC-048 | B51: 세트 | C51: 표시 | D51: 세트 활성 | E51: 상점 스탯 패널 확인 | F51: '근접 세트 +X% (N)' 표시 | H51: Pass
A52: TC-049 | B52: 세트 | C52: 즉시 갱신 | D52: 무기 추가/레벨업 | E52: 무기 구성 변경 | F52: 세트 보너스 즉시 재계산 | H52: Pass
A53: TC-050 | B53: HUD | C53: 상단바 | D53: 게임 진행 | E53: 화면 확인 | F53: 라운드/시간/골드가 상단에 표시 | H53: Pass
A54: TC-051 | B54: HUD | C54: 무기 바 | D54: 무기 장착 | E54: 좌하단 확인 | F54: 장착 무기 아이콘이 줄로 표시 | H54: Pass | J54: Fail → 아이콘 연결, 재검증 Pass
A55: TC-052 | B55: HUD | C55: 레벨 칸 | D55: 무기 레벨업 | E55: 무기 바 확인 | F55: 아이콘 아래 5칸 중 현재 레벨만큼 채워짐 | H55: Pass
A56: TC-053 | B56: 아이콘 | C56: 상점 아이콘 | D56: 무기 카드 | E56: 카드 확인 | F56: 무기 스프라이트가 카드 상단에 표시 | H56: Pass | J56: Fail → ShopCatalog 단일 출처화, 재검증 Pass
A57: TC-054 | B57: 아이콘 | C57: HUD 아이콘 | D57: 무기 장착 | E57: 무기 바 확인 | F57: 무기 아이콘 표시(아이템 아이콘 없으면 빈 프레임=정상) | H57: Pass
A58: TC-055 | B58: 무기 | C58: 최대 레벨 | D58: 같은 무기 반복 구매 | E58: Lv5 도달 | F58: Lv5에서 레벨 정지(더 이상 안 오름) | H58: Pass
A59: TC-056 | B59: 탐색 | C59: 상점 전용 무기 | D59: 로비 밖 무기 4종 중 1종이 상점에 뜸 | E59: 구매 후 레벨업까지 진행 | F59: 장착·레벨업·세트 분류·HUD 아이콘이 로비 무기와 동일하게 정상 | H59: Pass
A60: TC-057 | B60: 탐색 | C60: 골드 경계(같음) | D60: 골드 = 카드 가격 | E60: 구매 | F60: 구매 성공, 골드 0, 음수 표시 없음 | H60: Pass
A61: TC-058 | B61: 탐색 | C61: 골드 경계(1 부족) | D61: 골드 = 가격 - 1 | E61: 카드 확인 및 구매 시도 | F61: 구매 버튼 비활성, 골드 변화 없음 | H61: Pass
A62: TC-059 | B62: 탐색 | C62: 리롤 경계 | D62: 골드 = 리롤 비용 | E62: 돌리기 클릭 | F62: 리롤 성공, 골드 0, 이후 돌리기 비활성 | H62: Pass
A63: TC-060 | B63: 탐색 | C63: 구매 연타 | D63: 골드 충분·카드 1장 | E63: 구매 버튼을 빠르게 여러 번 클릭 | F63: 1회만 구매되고 골드도 1회만 차감 | H63: Pass
A64: TC-061 | B64: 탐색 | C64: 시작 연타 | D64: 로비 화면 | E64: 게임 시작 버튼을 빠르게 여러 번 클릭 | F64: 게임 씬이 1번만 로드됨(중복 로드·에러 없음) | H64: Pass
A65: TC-062 | B65: 탐색 | C65: 웨이브 종료 순간 사망 | D65: 웨이브 종료 직전, HP 낮음 | E65: 타이머 0과 동시에 HP 0이 되도록 피격 | F65: 게임오버와 상점이 동시에 뜨지 않음 (우선순위는 기획 확인 필요) | G65: 상점 위에 게임오버 창이 겹쳐 표시됨. 상점 버튼은 안 눌리고 다시 시작/로비로만 동작 | H65: Fail | I65: 원인: 사망(물리)과 타이머 종료(Update)가 같은 프레임 / 수정 a93085f / F1 "웨이브 종료 + 즉사 동시"로 재현 | K65: SCRUM-6 | L65: Pass
A66: TC-063 | B66: 탐색 | C66: 보스 처치 순간 피격 | D66: 보스 HP 낮음, 플레이어 HP 낮음 | E66: 보스 처치와 동시에 피격 | F66: 보상·게임오버 처리가 한 번만 일어나고 멈춤 없음 | H66: Pass
A67: TC-064 | B67: 탐색 | C67: 재시작 상태 초기화 | D67: 게임오버 후 로비 복귀 | E67: 다른 무기 선택 후 시작 | F67: 골드·무기·스탯·스테이지가 모두 초기값, 이전 판 무기 없음 | H67: Pass
A68: TC-065 | B68: 탐색 | C68: 상점 중 일시정지 | D68: 상점 열림 | E68: 상점에서 10초 이상 대기 후 다음 라운드 | F68: 대기 중 웨이브 타이머·몬스터·코인이 멈춰 있음 | H68: Pass
A69: TC-066 | B69: 보스 | C69: 보스 라운드 제한시간 | D69: 일반 스테이지 진행 중 | E69: F1 → 보스 스테이지로 점프 | F69: 시작 시간이 30초(기본 20초 + 10초)로 표시 | H69: Pass | I69: 신규 사양(SCRUM-7) | K69: SCRUM-7
A70: TC-067 | B70: 보스 | C70: 일반 라운드 시간 유지 | D70: 보스 라운드가 아닌 스테이지(예: 4, 6) | E70: 웨이브 시작 시간 확인 | F70: 20초로 시작(보너스 시간 없음) | H70: Pass | I70: 신규 사양(SCRUM-7) | K70: SCRUM-7
A71: TC-068 | B71: 보스 | C71: 처치 시 카운트다운 | D71: 보스 라운드, 남은 시간 3초 이상 | E71: 보스 처치 | F71: 남은 시간이 3으로 바뀌고 3·2·1 표시 후 상점 열림 | H71: Pass | I71: 신규 사양(SCRUM-7) | K71: SCRUM-7
A72: TC-069 | B72: 보스 | C72: 처치 시 잡몹 정리 | D72: 보스 라운드, 잡몹 존재 | E72: 보스 처치 | F72: 잡몹이 즉시 사라지고 카운트다운 중 새로 스폰되지 않음 | H72: Pass | I72: 신규 사양(SCRUM-7) | K72: SCRUM-7
A73: TC-070 | B73: 보스 | C73: 처치 코인 회수 | D73: 보스 라운드, 화면에 코인 흩어짐 | E73: 보스 처치 후 카운트다운 대기 | F73: 화면의 코인이 거리와 무관하게 전부 회수되고 상점 골드에 반영 | H73: Pass | I73: 신규 사양(SCRUM-7) | K73: SCRUM-7
A74: TC-071 | B74: 보스 | C74: 3초 미만 처치 | D74: 보스 라운드, 남은 시간 3초 미만 | E74: 남은 시간 1~2초에 보스 처치 | F74: 남은 시간이 3초 미만이어도 3초로 맞춰져 3·2·1 후 상점 열림 | G74: 1~2초 남았을 때 처치 → 3초로 늘지 않고 남은 시간부터 카운트다운 | H74: Fail | I74: 기대 결과를 구현 기준으로 잘못 적었음 → 사양(항상 3초) 확인 후 정정 / 수정 0a12019 | K74: SCRUM-7 | L74: Pass
A75: TC-072 | B75: 보스 | C75: 보스 실패 게임오버 | D75: 보스 라운드, 보스 생존 | E75: F1 → 남은 시간 3초로 → 시간 종료까지 대기 | F75: 게임오버 창 + "보스를 처치하지 못했습니다" 표시, 상점 안 열림 | H75: Pass | I75: 신규 사양(SCRUM-7) | K75: SCRUM-7
A76: TC-073 | B76: 보스 | C76: 사망 시 사유 숨김 | D76: 아무 라운드 | E76: F1 → 즉사 | F76: 게임오버 창에 사유 줄이 표시되지 않음 | H76: Pass | I76: 신규 사양(SCRUM-7) | K76: SCRUM-7
A77: TC-074 | B77: 보스 | C77: 카운트다운 중 사망 | D77: 보스 처치 후 카운트다운 중 | E77: 카운트다운 중 즉사(F1) | F77: 게임오버 창만 표시되고 상점 안 열림 | H77: Pass | I77: 신규 사양(SCRUM-7) | K77: SCRUM-7

Sheet 요약
A1: 테스트 요약 | D1: 대분류별 케이스 수
D2: 대분류 | E2: 개수
A3: 전체 케이스 | B3: =COUNTA('테스트 케이스'!A4:A77) | D3: 로비 | E3: =COUNTIF('테스트 케이스'!B4:B77,D3)
A4: Pass | B4: =COUNTIF('테스트 케이스'!H4:H77,"Pass") | D4: 이동 | E4: =COUNTIF('테스트 케이스'!B4:B77,D4)
A5: Fail | B5: =COUNTIF('테스트 케이스'!H4:H77,"Fail") | D5: 전투 | E5: =COUNTIF('테스트 케이스'!B4:B77,D5)
A6: N/A | B6: =COUNTIF('테스트 케이스'!H4:H77,"N/A") | D6: 몬스터 | E6: =COUNTIF('테스트 케이스'!B4:B77,D6)
A7: 보류 | B7: =COUNTIF('테스트 케이스'!H4:H77,"보류") | D7: 보스 | E7: =COUNTIF('테스트 케이스'!B4:B77,D7)
A8: 미실행 | B8: =COUNTA('테스트 케이스'!A4:A77)-COUNTA('테스트 케이스'!H4:H77) | D8: 웨이브 | E8: =COUNTIF('테스트 케이스'!B4:B77,D8)
D9: 스테이지 | E9: =COUNTIF('테스트 케이스'!B4:B77,D9)
D10: HP | E10: =COUNTIF('테스트 케이스'!B4:B77,D10)
A11: 성공률 Pass÷(전체−N/A) | B11: =IF(B3-B6=0,0,B4/(B3-B6)) | D11: 사망 | E11: =COUNTIF('테스트 케이스'!B4:B77,D11)
A12: 진행률 (전체−미실행)÷전체 | B12: =IF(B3=0,0,(B3-B8)/B3) | D12: 게임오버 | E12: =COUNTIF('테스트 케이스'!B4:B77,D12)
A13: Jira 연결 TC 수 | B13: =COUNTA('테스트 케이스'!K4:K77) | D13: 코인 | E13: =COUNTIF('테스트 케이스'!B4:B77,D13)
A14: 1회차 대비 | B14: 1회차: Pass 47 / Fail 5 / Block 1 / 보류 1 / 미실행 1 (전체 55) | D14: 상점 | E14: =COUNTIF('테스트 케이스'!B4:B77,D14)
A15: 발견 버그 재검증 Pass | B15: =COUNTIF('테스트 케이스'!L4:L77,"Pass") | D15: 세트 | E15: =COUNTIF('테스트 케이스'!B4:B77,D15)
A16: 발견 버그 재검증 Fail | B16: =COUNTIF('테스트 케이스'!L4:L77,"Fail") | D16: HUD | E16: =COUNTIF('테스트 케이스'!B4:B77,D16)
D17: 아이콘 | E17: =COUNTIF('테스트 케이스'!B4:B77,D17)
D18: 무기 | E18: =COUNTIF('테스트 케이스'!B4:B77,D18)
D19: 탐색 | E19: =COUNTIF('테스트 케이스'!B4:B77,D19)
